9B5XszUGdMaxCZ7uSQhPzdks5ZQSmWxrmzCSvtJ6Ns6g,
13LeFbG6m2EP1fqCj9k66fcXsoTHMMtgr7c78AivUrYD,
GXCgKcM3i1w1cGwxvXhQBpikDZoAVMvwSe2nHCjUrPnK,
8HVqyX9jebh31Q9Hp8t5sMVJs665979ZeEr3eCfzitUe,
9o3f2zo8oMsAWr2hpEy7WfgE9o7QuJ1fTZ2HEXrGWzee,
EmZpT7NTLxmSXbMxm46h5Cj26V7YcXLqUcbhNPa2mATV,
4f9FrMLioPTcwQxYZKaQHJDZKF8SpDpcfrrqig7wcynJ,
6wY6z5DpidR13rwx6pne6SKdWFER8fMiAr9HD4XXu7JC,
GjmMPcCdpJP9NdAEMzdaRqibekHjM2YrhQrVi4B9JPeR,
8cD9XuCU3BGDjCgb4fsNKjNt2z1sXLveWxRdNvdasoc,
2KW2XRd9kwqet15Aha2oK3tYvd3nWbTFH1MBiRAv1BE1,
JCgK8ZHPF2WBW7jSE75AMwVyavo3ds9f67YZPZd8LoSe,
9C78uRzhBV6R3K2jCL4nEqTmCLw2FkigQsURyXu3JFx7,
H7pSD95PR6vhMYHJXzkDqriWkm3zVvuuCVJZL9skTeLE,
73KQXijmx7BKUdXA4rxRaSFKFs5ZaZscUPPtAvitth9x